{
  "Recall@1": 0.326271186440678,
  "Recall@3": 0.673728813559322,
  "Recall@10": 0.8686440677966102,
  "Precision@1": 0.326271186440678,
  "Precision@3": 0.22457627118643977,
  "Precision@10": 0.08688794726930385
}