{
  "Recall@1": 0.5127118644067796,
  "Recall@3": 0.815677966101695,
  "Recall@10": 0.9533898305084746,
  "Precision@1": 0.5127118644067796,
  "Precision@3": 0.2722457627118629,
  "Precision@10": 0.09545668549905915
}