{
  "factual_correctness": 0.39917372881355934,
  "faithfulness": 0.8045955873514888
}