{
  "factual_correctness": 0.4222033898305084,
  "faithfulness": 0.9549151064461232
}