{
  "Recall@1": 0.1906779661016949,
  "Recall@3": 0.288135593220339,
  "Recall@10": 0.4014830508474576,
  "Precision@1": 0.1906779661016949,
  "Precision@3": 0.09657485875706191,
  "Precision@10": 0.0402071563088515
}