{
  "Recall@1": 0.3495762711864407,
  "Recall@3": 0.510593220338983,
  "Recall@10": 0.6885593220338984,
  "Precision@1": 0.3495762711864407,
  "Precision@3": 0.17125706214689249,
  "Precision@10": 0.06895009416195896
}