{
  "Recall@1": 0.03177966101694915,
  "Recall@3": 0.06567796610169492,
  "Recall@10": 0.11440677966101695,
  "Precision@1": 0.03177966101694915,
  "Precision@3": 0.02189265536723164,
  "Precision@10": 0.011464218455743873
}