{
  "Recall@1": 0.326271186440678,
  "Recall@3": 0.673728813559322,
  "Precision@1": 0.326271186440678,
  "Precision@3": 0.22457627118643977
}
