{
  "Recall@1": 0.4194915254237288,
  "Recall@3": 0.7447033898305084,
  "Precision@1": 0.4194915254237288,
  "Precision@3": 0.248411016949155
}
