{
  "Recall@1": 0.5127118644067796,
  "Recall@3": 0.815677966101695,
  "Precision@1": 0.5127118644067796,
  "Precision@3": 0.2722457627118629
}
