{
  "Recall@1": 0.6239406779661016,
  "Recall@3": 0.8135593220338984,
  "Recall@10": 0.9014830508474576,
  "Precision@1": 0.6239406779661016,
  "Precision@3": 0.27118644067796915,
  "Precision@10": 0.09014830508474517
}