{
  "Recall@1": 0.597457627118644,
  "Recall@3": 0.7902542372881356,
  "Recall@10": 0.8898305084745762,
  "Precision@1": 0.597457627118644,
  "Precision@3": 0.26341807909604376,
  "Precision@10": 0.08898305084745832
}