{
  "Recall@1": 0.6504237288135594,
  "Recall@3": 0.836864406779661,
  "Recall@10": 0.913135593220339,
  "Precision@1": 0.6504237288135594,
  "Precision@3": 0.27895480225988567,
  "Precision@10": 0.09131355932203462
}