{
  "Recall@1": 0.6440677966101694,
  "Recall@3": 0.8569915254237288,
  "Precision@1": 0.6440677966101694,
  "Precision@3": 0.286193502824861
}