{
  "Recall@1": 0.625,
  "Recall@3": 0.8199152542372882,
  "Precision@1": 0.625,
  "Precision@3": 0.2733050847457612
}