{
  "Recall@1": 0.663135593220339,
  "Recall@3": 0.8940677966101694,
  "Precision@1": 0.663135593220339,
  "Precision@3": 0.2990819209039541
}