{
  "Recall@1": 0.6716101694915254,
  "Recall@3": 0.8283898305084746,
  "Precision@1": 0.6716101694915254,
  "Precision@3": 0.27612994350282344
}
