{
  "Recall@1": 0.690677966101695,
  "Recall@3": 0.861228813559322,
  "Precision@1": 0.690677966101695,
  "Precision@3": 0.287605932203392
}
