{
  "Recall@1": 0.7097457627118644,
  "Recall@3": 0.8940677966101694,
  "Precision@1": 0.7097457627118644,
  "Precision@3": 0.2990819209039541
}
